{"calinski_harabasz_score":160.82054239303577,"davies_bouldin_score":0.9168629716117322,"_timestamp":1.740873778163166e+09,"_runtime":0.54334507,"_step":0,"_wandb":{"runtime":0},"silhouette_score":0.28222251217048294}